Accession	Strain Name	Taxon ID	Strain Cluster (SC)	Year of Isolation	Community of Isolation	Host Age (months)	Serotype	Capsule locus	Consensus serotype	Sequence type	Inferred sequence type	Benzylpenicillin MIC (_g/mL)	Ceftriaxone MIC (_g/mL)	Trimethoprim MIC (_g/mL)	Erythromycin MIC (_g/mL)	Tetracycline MIC (_g/mL)	Chloramphenicol MIC (_g/mL)
ERR069731	1334	001334	1	2001	A	6-24	10	10A	10A	585	585	<0.03	<0.03	0.25/4	<0.03	0.25	
ERR069809	279388	279388	1	2001	B	6-24	10	10A	10A		97	<0.03	<0.03	0.12/2	<0.03		
ERR129088	CH2079	5Z52R	1	2007	C	6-24	10A	10A	10A	816	816	0.023	0.023	0.125	0.064		
ERR129126	LE4000	N5O68	1	2007	D	24-36	10A	10A	10A	3290	3290	0.023	0.023	0.094	0.094		
ERR129158	LE4124	RUJ90	1	2007	D	24-36	10A	10A	10A	816	816	0.023	0.023	0.19	0.047		
ERR129164	MD5021	29ORI	1	2007	E	6-24	10A	10A	10A	816	816	0.032	0.032	0.125	0.064		
ERR129199	ND6034	RN3X8	1	2007	F	36-84	10A	10A	10A	816	816	0.023	0.032	0.25	0.094		
ERR129201	ND6039	PKMM4	1	2007	F	6-24	10A	10A	10A	97	97	0.016	0.016	0.19	0.094		
ERR124256	NP7052	N6I98	1	2007	G	6-24	10A	10A	10A	97	97	0.023	0.023	0.125	0.094		
ERR124285	PT8016	G2Z0B	1	2007	H	24-36	10A	10A	10A	461	461	0.023	0.032	0.125	0.094		
ERR065347	R34-3021	R34-3021	1	2004	I	36-84	10A	10A	10A	585	585	<=0.03	<=0.25	<=0.25	<=0.06	<=0.50	2.00
ERR065350	R34-3024	R34-3024	1	2004	I	36-84	10A	10A	10A	585	585	<=0.03	<=0.25	<=0.25	<=0.06	<=0.50	2.00
ERR068012	R34-3111	R34-3111	1	2004	G	24-36	10A	10A	10A	816	816	0.12	<=0.25	<=0.25	<=0.06	<=0.50	<=1.00
ERR068048	R34-3157	R34-3157	1	2004	B	36-84	10A	10A	10A	97	97	<=0.03	<=0.25	<=0.25	<=0.06	<=0.50	2.00
ERR067981	R34-3182	R34-3182	1	2004	B	6-24	10A	10A	10A	816	816	<=0.03	<=0.25	<=0.25	<=0.06	<=0.50	<=1.00
ERR069683	R34-3184	R34-3184	1	2004	B	6-24	10A	10A	10A	816	816	<=0.03	<=0.25	<=0.25	<=0.06	<=0.50	2.00
ERR069768	127530	127530	1	2001	B	6-24	35F	35F	35F	1953	1953	0.06	0.06	0.12/2	<0.03	2	
ERR065968	473937	473937	1	2001	A	24-36	35F	35F	35F	498	498	<0.03	<0.03	0.12/2	<0.03	0.12	
ERR129051	BR1082	7C7G1	1	2007	J	24-36	35F	35F	35F	498	498	0.016	0.023	0.19	0.064		
ERR129058	BR1104	0CNYC	1	2007	J	36-84	35F	35F	35F	498	498	0.016	0.016	0.064	0.047		
ERR129090	CH2084	NIPQY	1	2007	C	6-24	35F	35F	35F	498	498	0.016	0.023	0.19	0.094		
ERR129113	GL3040	Q7F26	1	2007	I	6-24	35F	35F	35F	498	498	0.016	0.023	0.125	0.064		
ERR129132	LE4019	4D0HZ	1	2007	D	24-36	35F	35F	35F	498	498	0.023	0.023	0.125	0.094		
ERR124237	ND6142	4HUA7	1	2007	F	6-24	35F	35F	35F	498	498	0.016	0.023	0.125	0.064		
ERR124265	NP7076	BL0SN	1	2007	G	6-24	35F	35F	35F	498	498	0.016	0.016	0.094	0.032		
ERR124282	PT8011	B50V6	1	2007	H	6-24	35F	35F	35F	498	498	0.023	0.023	0.125	0.094		
ERR124304	PT8076	UVVWA	1	2007	H	<6	35F	35F	35F	498	498	0.023	0.023	0.19	0.064		
ERR068013	R34-3112	R34-3112	1	2004	G	6-24	35F	35F	35F	498	498	<=0.03	<=0.25	<=0.25	<=0.06	<=0.50	2.00
ERR068018	R34-3118	R34-3118	1	2004	K	36-84	35F	35F	35F	498	498	<=0.03	<=0.25	<=0.25	<=0.06	<=0.50	2.00
ERR068020	R34-3120	R34-3120	1	2004	L	6-24	35F	35F	35F	498	498	<=0.03	<=0.25	<=0.25	<=0.06	<=0.50	2.00
ERR067977	R34-3178	R34-3178	1	2004	F	6-24	35F	35F	35F	1916	498	<=0.03	<=0.25	<=0.25	<=0.06	<=0.50	<=1.00
ERR069690	R34-3191	R34-3191	1	2004	C	6-24	35F	35F	35F	498	498	<=0.03	<=0.25	<=0.25	<=0.06	<=0.50	2.00
ERR069712	R34-3213	R34-3213	1	2004	B	36-84	35F	35F	35F	498	498	0.06	<=0.25	<=0.25	<=0.06	<=0.50	2.00
ERR069715	R34-3216	R34-3216	1	2004	G	6-24	35F	35F	35F	498	498	0.06	<=0.25	<=0.25	<=0.06	<=0.50	2.00
ERR069732	1996	001996	1	2001	L	6-24	6A	6A	6A	1360	1360	<0.03	<0.03	0.25/4	<0.03	0.25	
ERR069740	42397	042397	1	2001	J	24-36	6A	6A	6A	460	460	0.06	0.06	>4/76	>1	0.12	
ERR069746	62031	062031	1	2001	M	36-84	6A	6A	6A	460	460	0.06	<0.03	4/76		0.25	
ERR069755	89848	089848	1	2001	M	6-24	6A	6A	6A	460	460	0.06	0.06	>4/76	<0.03	0.25	
ERR069765	118039	118039	1	2001	K	36-84	6A	6A	6A	460	460	0.06	0.06	>4/76	<0.03	0.25	
ERR069770	135631	135631	1	2001	J	24-36	6A	6A	6A		460	0.06	<0.03	>4/76	<0.03	0.25	
ERR069812	299801	299801	1	2001	E	<6	6A	6A	6A		460	0.06	0.06	>4/76	<0.03	0.12	
ERR069823	336850	336850	1	2001	F	36-84	6A	6A	6A	460	460	<0.03	0.06	>4/76	<0.03	0.25	
ERR069835	383739	383739	1	2001	L	6-24	6A	6A	6A	460	460	<0.03	<0.03	>4/76	<0.03	0.12	
ERR065962	446376	446376	1	2001	J	36-84	6A	6A	6A	460	460	0.06	0.06	>4/76	<0.03	0.25	
ERR065967	472699	472699	1	2001	N	36-84	6A	6A	6A	460	460	0.06	0.06	>4/76	<0.03	0.25	
ERR124231	ND6134	CV6JA	1	2007	F	6-24	6A	6A	6A	460	460	0.064	0.094	>32	0.094		
ERR065344	R34-3018	R34-3018	1	2004	I	6-24	6A	6A	6A	460	460	0.06	<=0.25	>2.00	>0.50	<=0.50	2.00
ERR065292	R34-3035	R34-3035	1	2004	C	36-84	6A	6A	6A	460	460	<=0.03	<=0.25	>2.00	<=0.06	<=0.50	2.00
ERR065330	R34-3075	R34-3075	1	2004	F	6-24	6A	6A	6A	460	460	<=0.03	<=0.25	<=0.25	<=0.06	<=0.50	2.00
ERR067964	R34-3166	R34-3166	1	2004	B	36-84	6A	6A	6A	460	460	<=0.03	<=0.25	<=0.25	<=0.06	<=0.50	2.00
ERR069719	R34-3220	R34-3220	1	2004	I	24-36	6A	6A	6A	1919	460	0.12	<=0.25	>2.00	<=0.06	<=0.50	2.00
ERR069721	R34-3222	R34-3222	1	2004	I	36-84	6A	6A	6A	460	460	0.12	<=0.25	>2.00	<=0.06	<=0.50	2.00
ERR069752	74124	074124	2	2001	L	24-36	11A	11D	11A	1913	1913	<0.03					
ERR069760	102720	102720	2	2001	L	36-84	11A	11D	11A		62	0.06	<0.03	0.25/4	<0.03	0.25	
ERR069801	242588	242588	2	2001	I	6-24	11A	11D	11A		62	<0.03	<0.03	0.12/2	<0.03	<0.06	
ERR069804	263137	263137	2	2001	C	36-84	11A	11D	11A	62	62	<0.03	<0.03	0.25/4	<0.03	0.25	
ERR069822	335574	335574	2	2001	K	24-36	11A	11D	11A	62	62	<0.03	<0.03	0.25/4	<0.03	0.25	
ERR069837	386329	386329	2	2001	L	24-36	11A	11D	11A	1913	1913	<0.03	<0.03	0.25/4	<0.03	0.25	
ERR069839	389109	389109	2	2001	O	36-84	11A	11D	11A	62	62	0.06	<0.03	2/38	<0.03	0.25	
ERR065964	459747	459747	2	2001	J	24-36	11A	11D	11A	62	62	<0.03	<0.03	0.5/9.	0.06	0.25	
ERR129037	BR1039	FP9DM	2	2007	J	36-84	11A	11D	11A	62	62	0.023	0.023	0.19	0.047		
ERR129068	BR1117	E4NSI	2	2007	J	6-24	11A	11D	11A	62	62	0.016	0.016	0.125	0.047		
ERR129079	CH2053	DFS2Q	2	2007	C	36-84	11A	11D	11A	62	62	0.023	0.023	0.19	0.032		
ERR129080	CH2054	K9N0O	2	2007	C	24-36	11A	11D	11A	3276	3276	0.023	0.023	0.19	0.032		
ERR129093	CH2091	HWJVH	2	2007	C	<6	11A	11D	11A	62	62	0.023	0.032	0.38	0.064		
ERR129127	LE4005	R52DJ	2	2007	D	6-24	11A	11D	11A	62	62	0.023	0.023	0.38	0.094		
ERR129131	LE4018	6ZCAZ	2	2007	D	36-84	11A	11D	11A	66	62	0.023	0.023	0.19	0.064		
ERR129137	LE4040	H3Q9M	2	2007	D	6-24	11A	11D	11A	3291	62	0.032	0.023	0.25	6		
ERR129139	LE4050	J1LX6	2	2007	D	24-36	11A	11D	11A	62	62	0.032	0.023	0.25	0.094		
ERR129154	LE4111	F1G5R	2	2007	D	36-84	11A	11D	11A	62	62	0.023	0.023	0.25	0.064		
ERR129159	LE4127	F1ODP	2	2007	D	36-84	11A	11D	11A	62	62	0.023	0.023	0.19	0.032		
ERR129177	MD5070	9ABKR	2	2007	E	24-36	11A	11D	11A	62	62	0.023	0.023	0.19	0.032		
ERR129178	MD5071	8AH8E	2	2007	E	6-24	11A	11D	11A	62	62	0.016	0.016	0.19	0.032		
ERR129210	ND6073	5J97G	2	2007	F	6-24	11A	11D	11A	62	62	0.023	0.032	0.25	0.064		
ERR129211	ND6085	3YFA4	2	2007	F	36-84	11A	11D	11A	62	62	0.023	0.023	0.38	0.064		
ERR129214	ND6103	KYDZM	2	2007	F	<6	11A	11D	11A	62	62	0.023	0.023	0.19	0.023		
ERR129215	ND6104	QHXZZ	2	2007	F	24-36	11A	11D	11A	62	62	0.016	0.016	0.125	0.047		
ERR124240	ND6151	8G3XE	2	2007	F	24-36	11A	11D	11A	62	62	0.023	0.023	0.19	0.064		
ERR124242	ND6156	T14BF	2	2007	F	6-24	11A	11D	11A	62	62	0.023	0.023	0.19	0.064		
ERR124246	NP7010	F7IXH	2	2007	G	6-24	11A	11D	11A	62	62	0.023	0.016	0.19	0.064		
ERR124268	NP7095	RAV85	2	2007	G	36-84	11A	11D	11A	62	62	0.023	0.023	0.19	0.064		
ERR124291	PT8037	RQ6NH	2	2007	H	6-24	11	11D	11A	62	62	0.032	0.032	0.19	0.032		
ERR124296	PT8053	6CO3C	2	2007	H	6-24	11A	11D	11A	62	62	0.023	0.023	0.125	0.047		
ERR124298	PT8063	XCJ97	2	2007	H	6-24	11A	11D	11A	62	62	0.016	0.023	0.25	0.094		
ERR124302	PT8072	28I7H	2	2007	H	6-24	11A	11D	11A	62	62	0.023	0.023	0.19	0.047		
ERR065308	R34-3052	R34-3052	2	2004	G	36-84	11A	11D	11A	62	62	<=0.03	<=0.25	<=0.25	<=0.06	<=0.50	2.00
ERR065310	R34-3054	R34-3054	2	2004	F	<6	11A	11D	11A	62	62	<=0.03	<=0.25	<=0.25	<=0.06	<=0.50	2.00
ERR065326	R34-3071	R34-3071	2	2004	F	6-24	11A	11D	11A	62	62	<=0.03	<=0.25	<=0.25	<=0.06	<=0.50	2.00
ERR067985	R34-3080	R34-3080	2	2004	D	36-84	11A	11D	11A	62	62	<=0.03	<=0.25	<=0.25	<=0.06	<=0.50	4.00
ERR067986	R34-3081	R34-3081	2	2004	D	36-84	11A	11D	11A	62	62	<=0.03	<=0.25	<=0.25	<=0.06	<=0.50	4.00
ERR068000	R34-3095	R34-3095	2	2004	H	36-84	11A	11D	11A	62	62	<=0.03	<=0.25	>2.00	<=0.06	<=0.50	2.00
ERR068040	R34-3147	R34-3147	2	2004	L	24-36	11A	11D	11A	1933	1913	<=0.03	<=0.25	<=0.25	<=0.06	<=0.50	2.00
ERR068041	R34-3149	R34-3149	2	2004	I	36-84	11A	11D	11A	408	408	<=0.03	<=0.25	<=0.25	<=0.06	<=0.50	2.00
ERR068046	R34-3155	R34-3155	2	2004	N	36-84	11A	11D	11A	62	62	<=0.03	<=0.25	<=0.25	<=0.06	<=0.50	2.00
ERR068047	R34-3156	R34-3156	2	2004	L	36-84	11A	11D	11A	62	62	<=0.03	<=0.25	<=0.25	<=0.06	<=0.50	2.00
ERR067968	R34-3170	R34-3170	2	2004	E	36-84	11A	11D	11A	62	62	<=0.03	<=0.25	<=0.25	<=0.06	<=0.50	2.00
ERR069702	R34-3203	R34-3203	2	2004	G	24-36	11A	11D	11A	62	62	<=0.03	<=0.25	2.00	<=0.06	<=0.50	2.00
ERR069707	R34-3208	R34-3208	2	2004	D	6-24	11A	11D	11A	62	62	<=0.03	<=0.25	<=0.25	<=0.06	<=0.50	2.00
ERR069713	R34-3214	R34-3214	2	2004	G	36-84	11A	11D	11A	62	62	<=0.03	<=0.25	<=0.25	<=0.06	<=0.50	2.00
ERR069727	R34-3228	R34-3228	2	2004	K	6-24	11A	11D	11A	62	62	0.06	<=0.25	<=0.25	<=0.06	<=0.50	2.00
ERR129026	BR1003	SLXY1	3	2007	J	6-24	15A	15A	15A	63	63	0.19	0.094	3	>256		
ERR129054	BR1086	IB8MW	3	2007	J	6-24	15A	15A	15A	3282	1914	0.064	0.064	0.38	0.094		
ERR129060	BR1106	W5HGR	3	2007	J	<6	15A	15A	15A	63	63	0.064	0.016	6	>256		
ERR129061	BR1109	KRHYA	3	2007	J	36-84	15A	15A	15A	63	63	0.125	0.094	3	>256		
ERR129198	ND6028	XCB66	3	2007	F	6-24	15A	15A	15A	63	63	0.38	0.125	>32	>256		
ERR124239	ND6147	UJECB	3	2007	F	36-84	15A	15A	15A	63	63	0.38	0.125	0.19	>256		
ERR124249	NP7017	CSI7H	3	2007	G	36-84	15A	15A	15A	63	63	0.19	0.125	0.25	>256		
ERR124272	NP7105	Z4952	3	2007	G	24-36	15A	15A	15A	1915	1915	0.19	0.19	4	>256		
ERR124274	NP7112	XVMDP	3	2007	G	36-84	15A	15A	15A	1915	1915	0.25	0.25	6	>256		
ERR124283	PT8013	T8K26	3	2007	H	<6	15A	15A	15A	63	63	0.25	0.19	0.25	>256		
ERR124300	PT8065	8QTW4	3	2007	H	36-84	15A	15A	15A	63	63	0.25	0.094	0.19	32		
ERR065293	R34-3036	R34-3036	3	2004	J	24-36	15A	15A	15A	1914	1914	0.25	<=0.25	<=0.25	<=0.06	<=0.50	2.00
ERR065297	R34-3040	R34-3040	3	2004	C	36-84	15A	15A	15A	63	63	<=0.03	<=0.25	<=0.25	>0.50	<=0.50	4.00
ERR065320	R34-3064	R34-3064	3	2004	P	24-36	15A	15A	15A	63	63	0.12	<=0.25	>2.00	>0.50	>4.00	4.00
ERR065332	R34-3077	R34-3077	3	2004	E	6-24	15A	15A	15A	63	63	0.12	<=0.25	1.00	>0.50	>4.00	4.00
ERR068026	R34-3126	R34-3126	3	2004	N	36-84	15A	15A	15A	63	63	0.25	<=0.25	2.00	>0.50	>4.00	4.00
ERR068028	R34-3130	R34-3130	3	2004	N	36-84	15A	15A	15A	63	63	0.25	<=0.25	2.00	>0.50	>4.00	4.00
ERR068032	R34-3138	R34-3138	3	2004	P	36-84	15A	15A	15A	63	63	0.25	<=0.25	>2.00	>0.50	>4.00	4.00
ERR068042	R34-3150	R34-3150	3	2004	B	36-84	15	15A	15A		1914	0.25	<=0.25	<=0.25	<=0.06	<=0.50	2.00
ERR068049	R34-3158	R34-3158	3	2004	A	24-36	15A	15A	15A	63	63	0.25	<=0.25	>2.00	>0.50	>4.00	4.00
ERR067978	R34-3179	R34-3179	3	2004	F	6-24	15A	15A	15A	1915	1915	0.25	<=0.25	>2.00	>0.50	>4.00	4.00
ERR069724	R34-3225	R34-3225	3	2004	K	36-84	15A	15A	15A	63	63	0.25	<=0.25	<=0.25	>0.50	>4.00	4.00
ERR069725	R34-3226	R34-3226	3	2004	K	24-36	15A	15A	15A	63	63	0.25	<=0.25	<=0.25	>0.50	>4.00	4.00
ERR124221	ND6117	HB7S5	3	2007	F	6-24	19A	19A	19A	63	63	0.19	0.38	0.25	>256		
ERR069698	R34-3199	R34-3199	3	2004	P	<6	19A	19A	19A	63	63	0.25	<=0.25	<=0.25	>0.50	>4.00	4.00
ERR069738	35100	035100	4	2001	B	24-36	22F	22F	22F	1901	1901	<0.03	<0.03	0.12/2	<0.03	0.25	
ERR069767	120581	120581	4	2001	N	24-36	22F	22F	22F	433	433	<0.03	<0.03	0.25/4	<0.03	0.25	
ERR069778	153408	153408	4	2001	A	36-84	22F	22F	22F	433	433	<0.03	<0.03	<0.06/	<0.03	0.12	
ERR069783	163286	163286	4	2001	N	36-84	22F	22F	22F	433	433	<0.03	<0.03	0.12/2	<0.03	0.12	
ERR069836	385385	385385	4	2001	J	36-84	22F	22F	22F	433	433	<0.03					
ERR129096	CH2108	RWZJE	4	2007	C	36-84	22F	22F	22F	433	433	0.016	0.016	0.125	0.047		
ERR129156	LE4118	FBPNS	4	2007	D	6-24	22F	22F	22F	433	433	0.016	0.023	0.19	0.064		
ERR129204	ND6047	120T7	4	2007	F	36-84	22F	22F	22F	433	433	0.032	0.023	0.25	0.64		
ERR124248	NP7013	FJZZW	4	2007	G	24-36	22F	22F	22F	433	433	0.023	0.023	0.125	0.047		
ERR124260	NP7062	Q3H1U	4	2007	G	6-24	22F	22F	22F	1901	1901	0.032	0.023	0.125	0.064		
ERR124307	PT8085	DQKYE	4	2007	H	6-24	22F	22F	22F	433	433	0.016	0.023	0.19	0.047		
ERR124318	PT8116	I0UZQ	4	2007	H	6-24	22F	22F	22F	433	433	0.023	0.032	0.25	0.094		
ERR065338	R34-3012	R34-3012	4	2004	D	36-84	22F	22F	22F		1337	0.06	<=0.25	<=0.25	<=0.06	<=0.50	2.00
ERR065343	R34-3017	R34-3017	4	2004	I	24-36	22F	22F	22F	433	433	0.06	<=0.25	<=0.25	<=0.06	<=0.50	2.00
ERR067987	R34-3082	R34-3082	4	2004	D	36-84	22F	22F	22F	1337	1337	0.06	<=0.25	<=0.25	<=0.06	<=0.50	2.00
ERR067995	R34-3090	R34-3090	4	2004	D	24-36	22F	22F	22F	1337	1337	0.06	<=0.25	<=0.25	<=0.06	<=0.50	2.00
ERR067996	R34-3091	R34-3091	4	2004	D	6-24	22F	22F	22F	433	433	<=0.03	<=0.25	<=0.25	<=0.06	<=0.50	2.00
ERR068037	R34-3143	R34-3143	4	2004	L	24-36	22F	22F	22F	433	433	0.12	<=0.25	<=0.25	<=0.06	<=0.50	2.00
ERR067965	R34-3167	R34-3167	4	2004	K	36-84	22F	22F	22F	433	433	0.06	<=0.25	<=0.25	<=0.06	<=0.50	2.00
ERR069686	R34-3187	R34-3187	4	2004	L	6-24	22F	22F	22F	433	433	<=0.03	<=0.25	<=0.25	<=0.06	<=0.50	2.00
ERR069688	R34-3189	R34-3189	4	2004	H	36-84	22F	22F	22F	433	433	<=0.03	<=0.25	<=0.25	<=0.06	<=0.50	2.00
ERR129053	BR1085	VPPXV	5	2007	J	36-84	11A	11A	11A	156	156	0.38	0.25	>32	0.094		
ERR129144	LE4073	3FBXJ	5	2007	D	24-36	15B/C	15C	15B/C	162	162	0.023	0.032	0.19	0.064		
ERR129182	MD5103	NJ41D	5	2007	E	6-24	15B/C	15B	15B/C	3275	3275	0.023	0.023	0.19	0.064		
ERR129196	ND6019	5MZ1D	5	2007	F	36-84	15B/C	15C	15B/C	162	162	0.023	0.023	0.19	0.064		
ERR068010	R34-3109	R34-3109	5	2004	G	24-36	15	15B	15B/C		162						
ERR129105	GL3021	F8P25	5	2007	I	6-24	19A	19A	19A	1925	1925	0.125	0.094	>32	8		
ERR129195	ND6017	XQR0B	5	2007	F	6-24	19A	19A	19A	1925	1925	0.19	0.094	>32	12		
ERR067998	R34-3093	R34-3093	5	2004	M	24-36	19A	19A	19A	1925	1925	0.25	<=0.25	>2.00	>0.50	<=0.50	2.00
ERR069714	R34-3215	R34-3215	5	2004	G	<6	19A	19A	19A	1925	1925	0.25	<=0.25	>2.00	>0.50	<=0.50	2.00
ERR069799	234323	234323	5	2001	E	6-24	9A	9V	9V	156	156	4	1	>4/76	<0.03	0.5	
ERR069818	312942	312942	5	2001	P	6-24	9A	9V	9V	156	156	4	2	>4/76	<0.03	0.25	
ERR124320	422264	422264	5	2001	G	<6	9A	9A	9V	156	156	4	1	>4/76	<0.03	0.25	
ERR065342	R34-3016	R34-3016	5	2004	I	36-84	9A	9V	9V	156	156	2.00	1.00	>2.00	<=0.06	<=0.50	2.00
ERR129077	CH2029	STPDE	5	2007	C	<6	9V	9V	9V	162	162	0.023	0.023	0.25	0.094		
ERR065301	R34-3045	R34-3045	5	2004	F	36-84	9V	9V	9V	156	156	1.00	1.00	>2.00	<=0.06	<=0.50	2.00
ERR124286	PT8019	HR2T3	6	2007	H	6-24	15B/C	15B	15B/C	199	3280	0.25	0.19	1	0.5		
ERR124288	PT8025	0FQ8K	6	2007	H	6-24	15B/C	15C	15B/C	3280	3280	0.25	0.19	0.5	0.25		
ERR124294	PT8044	H8YKW	6	2007	H	6-24	15B/C	17F	15B/C	3280	3280	0.25	0.19	1	0.38		
ERR124297	PT8054	01ZWM	6	2007	H	36-84	15B/C	15C	15B/C	3280	3280	0.38	0.19	0.75	0.25		
ERR124319	PT8120	BJF60	6	2007	H	24-36	15B/C	15C	15B/C	3280	3280	0.38	0.125	1.5	0.5		
ERR129042	BR1055	0GB6K	6	2007	J	36-84	23A	23A	23A	338	338	0.064	0.094	0.19	0.047		
ERR129117	GL3050	OSEY6	6	2007	I	6-24	23A	23A	23A	338	338	0.125	0.094	0.75	0.064		
ERR129157	LE4119	DNB90	6	2007	D	6-24	23A	23A	23A	338	338	0.032	0.094	1	0.064		
ERR129167	MD5029	5XCD5	6	2007	E	24-36	23A	23A	23A	338	338	0.094	0.094	0.125	0.064		
ERR129176	MD5068	TV66E	6	2007	E	6-24	23A	23A	23A	338	338	0.094	0.094	0.19	0.032		
ERR129213	ND6100	UNUOJ	6	2007	F	36-84	23A	23A	23A	338	338	0.125	0.064	0.19	0.047		
ERR124235	ND6140	28PCJ	6	2007	F	6-24	23A	23A	23A	338	338	0.38	0.25	0.125	>256		
ERR124308	PT8086	A12WS	6	2007	H	36-84	23A	23A	23A	338	338	0.094	0.094	0.19	0.047		
ERR065303	R34-3047	R34-3047	6	2004	O	36-84	23A	23A	23A	338	338	0.12	<=0.25	<=0.25	<=0.06	<=0.50	2.00
ERR068023	R34-3123	R34-3123	6	2004	G	24-36	23A	23A	23A	338	338	0.12	<=0.25	<=0.25	<=0.06	<=0.50	2.00
ERR069708	R34-3209	R34-3209	6	2004	L	6-24	23A	23A	23A	338	338	0.12	<=0.25	<=0.25	<=0.06	<=0.50	2.00
ERR129043	BR1058	O3452	6	2007	J	6-24	23B	23B	23B	1373	1373	0.125	0.094	1.5	0.032		
ERR124227	ND6124	1LQKE	6	2007	F	24-36	23B	23B	23B	1373	1373	0.125	0.094	1.5	0.064		
ERR068030	R34-3136	R34-3136	6	2004	C	6-24	23A	23F	23F	342	342	0.12	<=0.25	0.50	>0.50	>4.00	2.00
ERR069779	153438	153438	6	2001	A	36-84	6B	6A	6B	1827	1827	0.06	<0.03	0.25/4	<0.03	0.25	
ERR069786	174702	174702	6	2001	C	6-24	6B	6A	6B	639	639	<0.03	<0.03	0.12/2	<0.03	0.25	
ERR069798	223832	223832	6	2001	P	36-84	6	6A	6B		138						
ERR065969	481643	481643	6	2001	L	6-24	6B	6A	6B	138	138	<0.03	<0.03	0.25/4	<0.03	0.25	
ERR065971	487827	487827	6	2001	E	6-24	6B	6A	6B	138	138	<0.03	<0.03	0.25/4	<0.03	0.25	
ERR129172	MD5037	UB6XH	6	2007	E	6-24	6B	6A	6B	138	138	0.023	0.016	0.25	0.047		
ERR069685	R34-3186	R34-3186	6	2004	L	36-84	6B	6A	6B	138	138	<=0.03	<=0.25	<=0.25	<=0.06	<=0.50	2.00
ERR069693	R34-3194	R34-3194	6	2004	C	36-84	6B	6A	6B	176	SLV176	<=0.03	<=0.25	<=0.25	<=0.06	<=0.50	2.00
ERR129168	MD5030	1TR6C	6	2007	E	36-84	6C	6C	6C	138	138	< 0.01	0.016	3	0.064		
ERR129067	BR1116	7RCF0	7	2007	J	6-24	7F	7A	7F	191	191	0.016	0.023	0.125	0.064		
ERR129073	CH2008	UFG1A	7	2007	C	36-84	7F	7F	7F	191	191	0.023	0.023	0.125	0.094		
ERR124224	ND6120	RJBFJ	7	2007	F	36-84	7F	7A	7F	191	191	0.023	0.023	0.19	0.094		
ERR124228	ND6130	B4R32	7	2007	F	36-84	7F	7F	7F	191	191	0.023	0.023	0.19	0.064		
ERR124243	ND6158	3BDEM	7	2007	F	6-24	7F	7F	7F	191	191	0.023	0.023	0.125	0.094		
ERR124276	NP7118	Y89K0	7	2007	G	<6	7F	7F	7F	191	191	0.016	0.023	0.125	0.064		
ERR124292	PT8039	D8RPY	7	2007	H	24-36	7F	7A	7F	191	191	0.023	0.023	0.125	0.094		
ERR124312	PT8094	55NO4	7	2007	H	36-84	7F	7A	7F	191	191	0.016	0.023	0.125	0.047		
ERR067961	R34-3163	R34-3163	7	2004	I	36-84	7F	7A	7F	191	191	<=0.03	<=0.25	<=0.25	<=0.06	<=0.50	<=1.00
ERR069718	R34-3219	R34-3219	7	2004	G	36-84	7F	7A	7F	191	191	0.06	<=0.25	<=0.25	<=0.06	<=0.50	2.00
ERR069751	72782	072782	8	2001	O	6-24	15B/C	15C	15B/C	199	199	<0.03	<0.03	0.12/2	<0.03	0.12	
ERR069761	103453	103453	8	2001	F	36-84	15B/C	15C	15B/C	1938	1938	0.06	<0.03	>4/76	0.5	>8	
ERR069774	146066	146066	8	2001	C	6-24	15B/C	15C	15B/C	199	199	<0.03	<0.03	0.12/2	<0.03	0.25	
ERR069795	217475	217475	8	2001	P	36-84	15B/C	15C	15B/C	199	199	<0.03	<0.03	0.12/2	<0.03	0.25	
ERR069828	362412	362412	8	2001	C	36-84	15	15B	15B/C		199						
ERR069829	365152	365152	8	2001	O	36-84	15B/C	15C	15B/C		199	<0.03	<0.03	0.25/4	<0.03	0.12	
ERR069833	372297	372297	8	2001	A	6-24	15B/C	15B	15B/C	199	199	<0.03	<0.03	0.12/2	<0.03	0.12	
ERR065970	483391	483391	8	2001	O	36-84	15B/C	15C	15B/C	199	199	<0.03	<0.03	0.12/2	<0.03	0.25	
ERR065972	492706	492706	8	2001	P	<6	15B/C	15C	15B/C	199	199	<0.03	<0.03	0.12/2	<0.03	0.12	
ERR065975	509365	509365	8	2001	E	6-24	15B/C	15C	15B/C	199	199	0.06	<0.03	0.25/4	<0.03	0.25	
ERR129032	BR1022-2	DH8X5-2	8	2007	J	6-24	15B/C	15C	15B/C	199	199	0.023	0.047	0.19	0.094		
ERR129033	BR1023	K51SW	8	2007	J	24-36	15B/C	15C	15B/C	199	199	0.023	0.047	0.19	0.064		
ERR129034	BR1025	PXB8V	8	2007	J	24-36	15B/C	15C	15B/C	3280	199	0.023	0.032	0.25	0.047		
ERR129046	BR1068	TG9A8	8	2007	J	36-84	15B/C	15C	15B/C	199	199	0.023	0.032	0.125	0.064		
ERR129081	CH2060	FQPLS	8	2007	C	6-24	15B/C	15C	15B/C	199	199	0.032	0.032	0.38	0.094		
ERR129091	CH2085	WQ9GV	8	2007	C	36-84	15B/C	15C	15B/C	199	199	0.023	0.032	0.38	0.094		
ERR129121	GL3071	IRE4I	8	2007	I	6-24	15B/C	15C	15B/C	199	199	0.023	0.023	0.125	0.047		
ERR129125	GL3080	P4GIC	8	2007	I	6-24	15B/C	15C	15B/C	199	199	0.016	0.016	0.094	0.064		
ERR129129	LE4011	EH2WN	8	2007	D	36-84	15B/C	15B	15B/C	199	199	0.023	0.023	0.19	3		
ERR129149	LE4092	XZHZP	8	2007	D	6-24	15B/C	15C	15B/C	199	199	0.023	0.032	0.19	0.094		
ERR129174	MD5045	AYFPY	8	2007	E	36-84	15B/C	15C	15B/C	3286	199	0.023	0.023	0.125	0.047		
ERR129175	MD5052	IMAPY	8	2007	E	24-36	15B/C	15C	15B/C	199	199	0.032	0.032	0.125	0.047		
ERR129186	MD5110	QLCSW	8	2007	E	36-84	15B/C	15B	15B/C	199	199	0.023	0.023	0.125	8		
ERR129190	ND6006	5QBRP	8	2007	F	6-24	15B/C	15B	15B/C	199	199	0.023	0.047	0.125	0.094		
ERR124225	ND6121	PN3IH	8	2007	F	36-84	15B/C	15C	15B/C	199	199	0.032	0.047	0.25	0.094		
ERR124229	ND6132	ESBKM	8	2007	F	36-84	15B/C	15C	15B/C	199	199	0.032	0.032	0.125	0.125		
ERR124263	NP7066	PCKMO	8	2007	G	36-84	15B/C	15C	15B/C	199	199	0.023	0.032	0.25	3		
ERR124267	NP7081	LJ6JL	8	2007	G	36-84	15B/C	15B	15B/C	199	199	0.023	0.023	0.19	6		
ERR124313	PT8098	IZCEG	8	2007	H	24-36	15B/C	15C	15B/C	199	199	0.023	0.032	0.19	3		
ERR065337	R34-3011	R34-3011	8	2004	D	6-24	15	15B	15B/C		199	0.06	<=0.25	<=0.25	>0.50	<=0.50	<=1.00
ERR065340	R34-3014	R34-3014	8	2004	D	24-36	15B/C	15B	15B/C	199	199	0.06	<=0.25	<=0.25	>0.50	<=0.50	2.00
ERR065287	R34-3030	R34-3030	8	2004	C	36-84	15B/C	15C	15B/C	199	199	<=0.03	<=0.25	<=0.25	<=0.06	<=0.50	<=1.00
ERR065288	R34-3031	R34-3031	8	2004	C	36-84	15B/C	15C	15B/C	199	199	<=0.03	<=0.25	>2.00	<=0.06	<=0.50	2.00
ERR065291	R34-3034	R34-3034	8	2004	J	24-36	15B/C	15C	15B/C	199	199	0.06	<=0.25	<=0.25	<=0.06	<=0.50	2.00
ERR068034	R34-3140	R34-3140	8	2004	L	6-24	15B/C	15B	15B/C	199	199	0.06	<=0.25	1.00	<=0.06	<=0.50	2.00
ERR068038	R34-3144	R34-3144	8	2004	C	6-24	15B/C	15C	15B/C	199	199	<=0.03	<=0.25	<=0.25	>0.50	<=0.50	2.00
ERR068044	R34-3153	R34-3153	8	2004	N	24-36	15B/C	15C	15B/C	199	199	<=0.03	<=0.25	<=0.25	<=0.06	<=0.50	2.00
ERR068045	R34-3154	R34-3154	8	2004	I	24-36	15B/C	15B	15B/C	199	199	<=0.03	<=0.25	<=0.25	<=0.06	<=0.50	2.00
ERR068050	R34-3159	R34-3159	8	2004	L	6-24	15B/C	15C	15B/C	1932	1932	<=0.03	<=0.25	<=0.25	0.12	<=0.50	2.00
ERR067960	R34-3160	R34-3160	8	2004	L	36-84	15B/C	15C	15B/C	199	199	<=0.03	<=0.25	<=0.25	<=0.06	<=0.50	2.00
ERR067974	R34-3175	R34-3175	8	2004	K	36-84	15B/C	15C	15B/C	199	199	<=0.03	<=0.25	<=0.25	<=0.06	<=0.50	2.00
ERR069687	R34-3188	R34-3188	8	2004	F	6-24	15B/C	15C	15B/C	199	199	0.06	<=0.25	<=0.25	<=0.06	<=0.50	<=1.00
ERR069691	R34-3192	R34-3192	8	2004	B	6-24	15B/C	15C	15B/C	199	199	0.06	<=0.25	<=0.25	<=0.06	<=0.50	2.00
ERR069704	R34-3205	R34-3205	8	2004	J	6-24	15B/C	15C	15B/C	199	199	<=0.03	<=0.25	<=0.25	<=0.06	<=0.50	2.00
ERR069705	R34-3206	R34-3206	8	2004	J	24-36	15B/C	15C	15B/C	199	199	0.06	<=0.25	<=0.25	<=0.06	<=0.50	2.00
ERR069711	R34-3212	R34-3212	8	2004	L	36-84	15B/C	15C	15B/C	199	199	0.06	<=0.25	<=0.25	<=0.06	<=0.50	2.00
ERR129207	ND6053	8PY5X	8	2007	F	6-24	15F	15C	15B/C	199	199	0.023	0.023	0.25	0.047		
ERR124220	ND6116	M6AJV	8	2007	F	24-36	15F	15C	15B/C	199	199	0.023	0.032	0.094	0.032		
ERR124251	NP7022	WWC1T	8	2007	G	36-84	15F	15C	15B/C	199	199	0.023	0.023	0.25	0.094		
ERR065319	R34-3063	R34-3063	8	2004	G	6-24	15F	15B	15B/C	199	199	<=0.03	<=0.25	<=0.25	<=0.06	<=0.50	2.00
ERR069745	57144	057144	8	2001	H	36-84	19A	19A	19A	199	199	0.12					
ERR069753	80104	080104	8	2001	N	6-24	19A	19A	19A	199	199	0.12	0.06	>4/76	<0.03	0.25	
ERR069771	135771	135771	8	2001	K	6-24	19A	19A	19A	199	199	0.12	<0.03	0.25/4	<0.03	0.25	
ERR069776	148056	148056	8	2001	N	36-84	19A	19A	19A	1936	1936	4	2	>4/76	0.06	0.25	
ERR069781	160449	160449	8	2001	K	36-84	19A	19A	19A	199	199	0.12	0.06	0.25/4	<0.03	0.25	
ERR069794	210162	210162	8	2001	J	24-36	19A	19A	19A	1936	1936	2	1	>4/76	<0.03	0.12	
ERR069796	218186	218186	8	2001	O	6-24	19A	19A	19A	199	199	0.12	<0.03	0.12/2	<0.03	0.12	
ERR069805	266035	266035	8	2001	P	36-84	19A	19A	19A	199	199	0.12	<0.03	0.12/2	<0.03	0.12	
ERR069817	312034	312034	8	2001	I	6-24	19A	19A	19A	199	199	0.12	0.06	1/19	>1	0.12	
ERR069831	366293	366293	8	2001	K	6-24	19A	19A	19A	199	199	0.25	0.06	4/76	<0.03		
ERR129025	BR1000	6EO69	8	2007	J	6-24	19A	19A	19A	1756	1756	0.094	0.094	0.125	0.094		
ERR129059	BR1105	RZPNF	8	2007	J	24-36	19A	19A	19A	199	199	0.125	0.064	0.75	0.064		
ERR129063	BR1112	6UUPJ	8	2007	J	24-36	19A	19A	19A	199	199	0.094	0.047	0.094	0.094		
ERR129072	CH2007	BHCQB	8	2007	C	36-84	19A	19A	19A	199	199	0.125	0.094	0.125	0.094		
ERR129108	GL3029	RCBGR	8	2007	I	24-36	19A	19A	19A	199	199	0.5	0.5	>32	6		
ERR129112	GL3036	WNYEL	8	2007	I	36-84	19A	19A	19A	199	199	0.094	0.064	0.19	0.064		
ERR129118	GL3060	WLTN8	8	2007	I	6-24	19A	19A	19A	2344	2344	2	1.5	8	0.064		
ERR129120	GL3066	RL36E	8	2007	I	<6	19A	19A	19A	199	199	0.094	0.064	0.19	0.064		
ERR129123	GL3077	REQGJ	8	2007	I	6-24	19A	19A	19A	10013	199	0.094	0.064	0.125	0.064		
ERR129140	LE4055	LOOXY	8	2007	D	36-84	19A	19A	19A	199	199	0.125	0.125	0.19	0.094		
ERR129142	LE4059	FUOYQ	8	2007	D	6-24	19A	19A	19A	199	199	0.094	0.094	0.19	0.094		
ERR129153	LE4106	Z60YP	8	2007	D	<6	19A	19A	19A	199	199	0.094	0.094	0.25	0.064		
ERR129160	LE4142	DPGZI	8	2007	D	36-84	19A	19A	19A	199	199	0.25	0.047	1.5	4		
ERR129170	MD5033	YQUAQ	8	2007	E	<6	19A	19A	19A	199	199	0.023	0.016	0.19	0.094		
ERR129183	MD5104	IZQWI	8	2007	E	6-24	19A	19A	19A	667	667	0.023	0.023	0.125	0.064		
ERR129197	ND6022	1V4ME	8	2007	F	6-24	19A	19A	19A	199	199	0.094	0.094	0.125	0.064		
ERR129209	ND6064	VQC7K	8	2007	F	6-24	19A	19A	19A	199	199	0.125	0.064	0.25	0.094		
ERR124234	ND6139	KMMCT	8	2007	F	6-24	19A	19A	19A	199	199	0.094	0.064	0.125	0.064		
ERR124269	NP7100	6JSY8	8	2007	G	6-24	19A	19A	19A	3279	199	0.094	0.064	0.125	0.047		
ERR124270	NP7101	0OH1I	8	2007	G	<6	19A	19A	19A	876	876	0.094	0.064	0.5	8		
ERR124280	PT8004	LIW28	8	2007	H	24-36	19A	19A	19A	667	667	0.023	0.023	6	0.094		
ERR124281	PT8009	6FXSQ	8	2007	H	36-84	19A	19A	19A	667	667	0.032	0.047	0.125	0.094		
ERR124284	PT8014	2EAKR	8	2007	H	6-24	19A	19A	19A	199	199	0.125	0.094	3	0.094		
ERR124295	PT8052	RMEOX	8	2007	H	6-24	19A	19A	19A	1673	1673	0.125	0.094	0.125	0.064		
ERR124315	PT8106	ATBLM	8	2007	H	36-84	19A	19A	19A	199	199	0.094	0.064	0.25	0.094		
ERR065305	R34-3049	R34-3049	8	2004	J	6-24	19A	19A	19A	667	667	<=0.03	<=0.25	<=0.25	<=0.06	<=0.50	2.00
ERR065317	R34-3061	R34-3061	8	2004	G	24-36	19A	19A	19A	667	667	<=0.03	<=0.25	<=0.25	<=0.06	<=0.50	2.00
ERR065323	R34-3068	R34-3068	8	2004	F	36-84	19A	19A	19A	199	199	0.12	<=0.25	<=0.25	<=0.06	<=0.50	2.00
ERR065328	R34-3073	R34-3073	8	2004	F	6-24	19A	19A	19A	199	199	0.06	<=0.25	<=0.25	<=0.06	<=0.50	2.00
ERR067984	R34-3079	R34-3079	8	2004	D	6-24	19A	19A	19A	199	199	0.25	<=0.25	<=0.25	<=0.06	<=0.50	<=1.00
ERR068008	R34-3103	R34-3103	8	2004	H	6-24	19A	19A	19A	199	199	<=0.03	<=0.25	1.00	<=0.06	<=0.50	2.00
ERR068011	R34-3110	R34-3110	8	2004	G	6-24	19A	19A	19A	1935	1935	<=0.03	<=0.25	<=0.25	<=0.06	<=0.50	2.00
ERR068017	R34-3116	R34-3116	8	2004	L	6-24	19A	19A	19A	199	199	<=0.03	<=0.25	<=0.25	<=0.06	<=0.50	2.00
ERR068024	R34-3124	R34-3124	8	2004	G	6-24	19A	19A	19A	199	199	0.06	<=0.25	<=0.25	<=0.06	<=0.50	2.00
ERR069684	R34-3185	R34-3185	8	2004	L	24-36	19A	19A	19A	199	199	0.12	<=0.25	<=0.25	<=0.06	<=0.50	<=1.00
ERR069696	R34-3197	R34-3197	8	2004	B	36-84	19A	19A	19A	199	199	0.12	<=0.25	<=0.25	<=0.06	<=0.50	2.00
ERR069717	R34-3218	R34-3218	8	2004	B	36-84	19A	19A	19A	199	199	0.12	<=0.25	<=0.25	<=0.06	<=0.50	2.00
ERR069758	95344	095344	8	2001	B	6-24	7	7C	7C		199	<0.03	<0.03	0.12/2	<0.03	0.12	
ERR069807	276430	276430	9	2001	I	36-84	18C	18C	18C		SLV42	<0.03	<0.03	<0.06/	<0.03	<0.06	
ERR069780	154389	154389	9	2001	N	6-24	23A	23A	23A	436	436	<0.03	<0.03	0.12/2	<0.03	0.25	
ERR069826	354557	354557	9	2001	N	36-84	23A	23A	23A	436	436	<0.03	<0.03	0.12/2	0.06	0.25	
ERR129055	BR1090	ON38S	9	2007	J	36-84	23A	23A	23A	42	42	0.023	0.023	0.38	0.094		
ERR129065	BR1114	5ZS1X	9	2007	J	36-84	23A	23A	23A	3287	439	0.023	0.023	0.064	0.047		
ERR129076	CH2026	9T42W	9	2007	C	<6	23A	23A	23A	438	438	0.064	0.064	0.38	0.064		
ERR129082	CH2061	TEF7S	9	2007	C	6-24	23A	23A	23A	190	190	0.023	0.023	0.19	0.094		
ERR129098	CH2116	2AHBE	9	2007	C	6-24	23A	23A	23A	438	438	0.023	0.023	0.125	0.094		
ERR129106	GL3023	J9GMM	9	2007	I	36-84	23A	23A	23A	1839	1839	0.19	0.094	12	12		
ERR129116	GL3049	YHPD0	9	2007	I	6-24	23A	23A	23A	3285	1839	0.023	0.032	0.19	0.094		
ERR129133	LE4020	CJISL	9	2007	D	24-36	23A	23A	23A	42	42	0.023	0.023	0.094	0.094		
ERR129141	LE4058	LIT4Q	9	2007	D	6-24	23A	23A	23A	1839	1839	0.023	0.032	0.25	0.094		
ERR129146	LE4081	ZXPKH	9	2007	D	6-24	23F	23A	23A	42	42	0.023	0.023	0.125	0.064		
ERR129205	ND6051	94ORH	9	2007	F	6-24	23A	23A	23A	42	42	0.032	0.016	0.19	0.064		
ERR124287	PT8021	Y0160	9	2007	H	6-24	23A	23A	23A	3289	SLV3289	0.023	0.023	0.19	0.094		
ERR065306	R34-3050	R34-3050	9	2004	J	36-84	23A	23A	23A	1949	SLV1949	<=0.03	<=0.25	<=0.25	<=0.06	<=0.50	<=1.00
ERR065307	R34-3051	R34-3051	9	2004	G	6-24	23A	23A	23A	438	438	<=0.03	<=0.25	<=0.25	<=0.06	<=0.50	<=1.00
ERR065311	R34-3055	R34-3055	9	2004	F	6-24	23A	23A	23A	1839	1839	<=0.03	<=0.25	<=0.25	<=0.06	<=0.50	<=1.00
ERR065313	R34-3057	R34-3057	9	2004	G	6-24	23A	23A	23A	438	438	<=0.03	<=0.25	<=0.25	<=0.06	<=0.50	<=1.00
ERR065322	R34-3067	R34-3067	9	2004	F	24-36	23A	23A	23A	1839	1839	1.00	<=0.25	>2.00	<=0.06	<=0.50	<=1.00
ERR068027	R34-3127	R34-3127	9	2004	G	36-84	23A	23A	23A	1839	1839	<=0.03	<=0.25	<=0.25	<=0.06	<=0.50	<=1.00
ERR067973	R34-3174	R34-3174	9	2004	M	36-84	23A	23A	23A	1839	1839	<=0.03	<=0.25	<=0.25	<=0.06	<=0.50	<=1.00
ERR067976	R34-3177	R34-3177	9	2004	F	6-24	23A	23A	23A	42	42	<=0.03	<=0.25	<=0.25	<=0.06	<=0.50	<=1.00
ERR069802	248734	248734	9	2001	D	6-24	23B	23B	23B	439	439	<0.03	<0.03	0.25/4	<0.03	0.25	
ERR129029	BR1014	FOR95	9	2007	J	24-36	23B	23B	23B	36	36	0.047	0.032	0.125	0.064		
ERR129052	BR1084	QRPPW	9	2007	J	<6	23B	23B	23B	36	36	0.023	0.023	0.19	0.094		
ERR129100	CH2124	C3W41	9	2007	C	6-24	23B	23B	23B	1847	1847	0.023	0.032	0.064	0.064		
ERR129107	GL3024	DYJGL	9	2007	I	36-84	23B	23B	23B	439	439	0.023	0.023	0.38	0.064		
ERR129122	GL3075	WCULS	9	2007	I	6-24	23B	23B	23B	439	439	0.016	0.023	0.094	0.064		
ERR129147	LE4083	3MB4Z	9	2007	D	6-24	23B	23B	23B	439	439	0.023	0.023	0.19	0.047		
ERR129155	LE4117	WYMQI	9	2007	D	24-36	23B	23B	23B	439	439	0.023	0.032	0.19	0.064		
ERR129161	LE4150	BDGWM	9	2007	D	6-24	23B	23B	23B	1847	1847	0.016	0.023	0.094	0.032		
ERR129171	MD5035	8A4VR	9	2007	E	6-24	23B	23B	23B	36	36	0.047	0.023	0.19	0.094		
ERR129192	ND6008	DP07V	9	2007	F	6-24	23B	23B	23B	3281	1448	0.023	0.023	0.094	0.094		
ERR129208	ND6059	7LLCL	9	2007	F	<6	23B	23B	23B	1847	1847	0.023	0.032	0.19	0.064		
ERR124219	ND6115	T7IZ1	9	2007	F	6-24	23B	23B	23B	36	36	0.023	0.032	0.125	0.064		
ERR124238	ND6144	LFB15	9	2007	F	6-24	23B	23B	23B	439	439	0.023	0.032	0.125	0.094		
ERR124245	NP7006	04WB3	9	2007	G	36-84	23B	23B	23B	1847	1847	0.023	0.023	0.094	0.047		
ERR065345	R34-3019	R34-3019	9	2004	I	36-84	23B	23B	23B	439	439	<=0.03	<=0.25	<=0.25	<=0.06	<=0.50	2.00
ERR065346	R34-3020	R34-3020	9	2004	I	36-84	23B	23B	23B	436	439	<=0.03	<=0.25	<=0.25	<=0.06	<=0.50	2.00
ERR065348	R34-3022	R34-3022	9	2004	I	36-84	23B	23B	23B	1847	1847	<=0.03	<=0.25	<=0.25	<=0.06	<=0.50	2.00
ERR068015	R34-3114	R34-3114	9	2004	L	36-84	23B	23B	23B	439	439	<=0.03	<=0.25	<=0.25	<=0.06	<=0.50	2.00
ERR067967	R34-3169	R34-3169	9	2004	L	36-84	23B	23B	23B	439	439	<=0.03	<=0.25	<=0.25	<=0.06	<=0.50	2.00
ERR069694	R34-3195	R34-3195	9	2004	C	24-36	23B	23B	23B	439	439	<=0.03	<=0.25	<=0.25	>0.50	<=0.50	2.00
ERR069736	25310	025310	9	2001	B	6-24	23F	23F	23F	36	36	<0.03					
ERR069743	49470	049470	9	2001	M	24-36	23F	23F	23F	629	629	0.06	0.12	1/19	<0.03	0.25	
ERR069777	151684	151684	9	2001	L	36-84	23F	23F	23F	33	33	<0.03	<0.03	1/19	>1	0.25	
ERR069790	203692	203692	9	2001	O	24-36	23F	23F	23F	36	36	<0.03	<0.03		<0.03	0.12	
ERR069800	239434	239434	9	2001	B	36-84	23F	23F	23F	36	36	<0.03	<0.03	0.12/2	<0.03	<0.06	
ERR069830	365502	365502	9	2001	J	6-24	23F	23F	23F	439	439	>4	>2	0.25/4	<0.03	0.25	
ERR065955	427937	427937	9	2001	E	24-36	23F	23F	23F	627	627	>4	>2	>4/76		0.12	
ERR065966	462956	462956	9	2001	H	36-84	23F	23F	23F	36	36	0.12	0.06	4/76	<0.03	0.12	
ERR065339	R34-3013	R34-3013	9	2004	D	36-84	23F	23F	23F	1908	1908	1.00	0.50	>2.00	<=0.06	<=0.50	<=1.00
ERR065355	R34-3029	R34-3029	9	2004	C	36-84	23F	23F	23F	36	36	<=0.03	<=0.25	<=0.25	<=0.06	<=0.50	2.00
ERR065331	R34-3076	R34-3076	9	2004	F	24-36	23F	23F	23F	36	36	<=0.03	<=0.25	<=0.25	<=0.06	<=0.50	2.00
ERR067980	R34-3181	R34-3181	9	2004	H	36-84	23F	23F	23F	1909	1909	<=0.03	<=0.25	>2.00	<=0.06	<=0.50	2.00
ERR069757	93209	093209	10	2001	J	36-84	6C	6C	6C	1379	1379	<0.03	<0.03	0.25/4	<0.03	0.25	
ERR069766	119571	119571	10	2001	I	36-84	6C	6C	6C	1390	1390	<0.03	<0.03	0.25/4	<0.03	0.25	
ERR069811	291880	291880	10	2001	K	36-84	6C	6C	6C	1390	1390	<0.03	<0.03	0.25/4	<0.03	0.25	
ERR129039	BR1045	NB8E4	10	2007	J	6-24	6C	6C	6C	1390	1390	0.023	0.032	0.19	0.064		
ERR129048	BR1076	QQK9Y	10	2007	J	24-36	6C	6C	6C	1379	1379	0.016	0.016	0.25	0.064		
ERR129111	GL3032	SEOTT	10	2007	I	36-84	6C	6C	6C	1379	1379	0.016	0.023	0.19	0.064		
ERR129145	LE4079	ODNWT	10	2007	D	6-24	6C	6C	6C	1379	1379	0.5	0.38	8	2		
ERR129152	LE4100	V5VF1	10	2007	D	6-24	6C	6C	6C	1390	1390	0.023	0.023	0.19	0.064		
ERR129169	MD5031	PHY03	10	2007	E	6-24	6C	6C	6C	1390	1390	0.032	0.032	0.19	0.064		
ERR129203	ND6046	8CRCE	10	2007	F	36-84	6C	6C	6C	1390	1390	0.023	0.023	0.38	0.094		
ERR124217	ND6110	PWGX0	10	2007	F	6-24	6C	6C	6C	1379	1379	0.023	0.023	0.38	0.064		
ERR124232	ND6135	6PU39	10	2007	F	36-84	6C	6C	6C	1390	1390	0.023	0.023	0.19	0.064		
ERR124253	NP7028	NKLJL	10	2007	G	36-84	6C	6C	6C	1379	1379	0.023	0.016	0.25	0.094		
ERR124254	NP7029	3JK7Y	10	2007	G	<6	6C	6C	6C	1390	1390	0.023	0.023	1	0.094		
ERR124264	NP7070	057G3	10	2007	G	6-24	6C	6C	6C	1390	1390	0.016	0.023	1	0.032		
ERR124266	NP7078	4XILA	10	2007	G	6-24	6C	6C	6C	1379	1379	0.5	0.38	3	1.5		
ERR124305	PT8081	LY288	10	2007	H	24-36	6C	6C	6C	1379	1379	0.5	0.38	3	1.5		
ERR124310	PT8092	QU2WM	10	2007	H	6-24	6C	6C	6C	1379	1379	0.5	0.38	4	1.5		
ERR124317	PT8114	QD0ZV	10	2007	H	36-84	6C	6C	6C	1390	1390	0.023	0.023	0.25	0.094		
ERR065298	R34-3041	R34-3041	10	2004	J	36-84	6C	6C	6C	1390	1390	<=0.03	<=0.25	2.00	<=0.06	<=0.50	2.00
ERR065316	R34-3060	R34-3060	10	2004	G	<6	6C	6C	6C	1379	1379	<=0.03	<=0.25	<=0.25	<=0.06	<=0.50	2.00
ERR065327	R34-3072	R34-3072	10	2004	F	36-84	6C	6C	6C	1390	1390	<=0.03	<=0.25	<=0.25	<=0.06	<=0.50	2.00
ERR067994	R34-3089	R34-3089	10	2004	M	36-84	6C	6C	6C	1390	1390	<=0.03	<=0.25	<=0.25	<=0.06	<=0.50	2.00
ERR067997	R34-3092	R34-3092	10	2004	D	6-24	6	6C	6C	1390	1390	<=0.03	<=0.25	1.00	<=0.06	<=0.50	2.00
ERR068025	R34-3125	R34-3125	10	2004	G	6-24	6C	6C	6C	1390	1390	<=0.03	<=0.25	2.00	<=0.06	<=0.50	2.00
ERR065309	R34-3053	R34-3053	10	2004	P	6-24	NT	6C	NT	1379	1379	<=0.03	<=0.25	<=0.25	>0.50	<=0.50	4.00
ERR069733	7649	007649	11	2001	J	36-84	35B	35B	35B	558	558	2	0.5	0.25/4	>1	0.25	
ERR069749	67094	067094	11	2001	F	6-24	35B	35B	35B	1946	558	2	1	0.25/4	<0.03	0.25	
ERR069834	379678	379678	11	2001	K	36-84	35B	35B	35B	558	558	4	1	>4/76		0.5	
ERR129035	BR1029	T8Z8O	11	2007	J	6-24	35B	35B	35B	558	558	1.5	1	0.19	0.064		
ERR129074	CH2016	F77ZH	11	2007	C	36-84	35B	35B	35B	558	558	1.5	1	0.19	0.064		
ERR129086	CH2074	4K4C9	11	2007	C	6-24	35B	35B	35B	558	558	1.5	0.5	0.19	0.047		
ERR129087	CH2075	QWSZT	11	2007	C	<6	35B	35B	35B	558	558	1.5	1	0.125	4		
ERR129089	CH2083	4PYM0	11	2007	C	36-84	35B	35B	35B	558	558	1.5	1	0.19	0.094		
ERR129099	CH2123	WAMFH	11	2007	C	6-24	35B	35B	35B	558	558	1.5	0.75	0.125	0.064		
ERR129104	GL3019	W8IHX	11	2007	I	6-24	35B	35B	35B	558	558	1.5	1	1	0.064		
ERR129119	GL3061	9D25H	11	2007	I	36-84	35B	35B	35B	558	558	1.5	1	1.5	0.064		
ERR129134	LE4021	P1NM2	11	2007	D	24-36	35B	35B	35B	3277	3277	2	1	0.19	0.064		
ERR129143	LE4062	0U64I	11	2007	D	6-24	35B	35B	35B	558	558	0.75	0.75	0.38	0.064		
ERR129148	LE4084	UTEDZ	11	2007	D	6-24	35B	35B	35B	558	558	1	0.75	0.19	0.047		
ERR129163	MD5008	B1KMB	11	2007	E	6-24	35B	35B	35B	558	558	1.5	1	0.19	0.064		
ERR129173	MD5042	AFVC5	11	2007	E	6-24	35B	35B	35B	558	558	1.5	1	0.19	16		
ERR129179	MD5081	REAOU	11	2007	E	6-24	35B	35B	35B	558	558	2	1.5	0.25	0.094		
ERR129200	ND6038	0NWX9	11	2007	F	<6	35B	35B	35B	558	558	1.5	1	0.38	>256		
ERR124236	ND6141	1VDX8	11	2007	F	36-84	35B	35B	35B	558	558	2	1	0.19	0.047		
ERR124241	ND6153	CCV1H	11	2007	F	6-24	35B	35B	35B	558	558	1.5	0.75	0.125	0.032		
ERR124250	NP7020	W9GKO	11	2007	G	6-24	35B	35B	35B	558	558	1	1	>32	6		
ERR124273	NP7109	LS3OB	11	2007	G	36-84	35B	35B	35B	558	558	1.5	1	0.125	0.047		
ERR124275	NP7113	RS9D2	11	2007	G	6-24	35B	35B	35B	558	558	1.5	1	1	0.047		
ERR124277	NP7122	6893Z	11	2007	G	6-24	35B	35B	35B	558	558	1.5	1	0.125	0.094		
ERR124279	PT8003	81LMX	11	2007	H	6-24	35B	35B	35B	558	558	1.5	1	0.19	0.094		
ERR124290	PT8035	BZ2I7	11	2007	H	6-24	35B	35B	35B	558	558	1.5	1.5	0.125	0.064		
ERR124293	PT8040	O0RHB	11	2007	H	6-24	35B	35B	35B	558	558	1.5	1	0.19	0.064		
ERR124299	PT8064	O61U7	11	2007	H	6-24	35B	35B	35B	558	558	1.5	0.75	0.19	0.064		
ERR124301	PT8069	O8I1E	11	2007	H	6-24	35B	35B	35B	558	558	1	0.5	0.25	0.094		
ERR124316	PT8107	JBYFY	11	2007	H	6-24	35B	35B	35B	558	558	1.5	1	0.19	0.064		
ERR065351	R34-3025	R34-3025	11	2004	M	6-24	35B	35B	35B	558	558	1.00	0.50	0.50	<=0.06	<=0.50	2.00
ERR065300	R34-3044	R34-3044	11	2004	F	24-36	35B	35B	35B	558	558	1.00	1.00	<=0.25	<=0.06	<=0.50	2.00
ERR065324	R34-3069	R34-3069	11	2004	F	6-24	35B	35B	35B	558	558	0.06	0.50	>2.00	<=0.06	<=0.50	2.00
ERR065329	R34-3074	R34-3074	11	2004	F	6-24	Pool G	35B	35B	558	558	0.06	0.50	<=0.25	<=0.06	<=0.50	2.00
ERR067988	R34-3083	R34-3083	11	2004	D	36-84	35B	35B	35B	558	558	2.00	1.00	<=0.25	<=0.06	<=0.50	2.00
ERR067992	R34-3087	R34-3087	11	2004	M	36-84	35B	35B	35B	558	558	1.00	0.50	<=0.25	<=0.06	<=0.50	2.00
ERR068002	R34-3097	R34-3097	11	2004	H	36-84	35B	35B	35B	558	558	2.00	0.50	<=0.25	<=0.06	<=0.50	2.00
ERR068019	R34-3119	R34-3119	11	2004	L	6-24	35B	35B	35B	558	558	1.00	0.50	2.00	<=0.06	<=0.50	2.00
ERR068029	R34-3131	R34-3131	11	2004	G	6-24	35B	35B	35B	558	558	2.00	1.00	<=0.25	<=0.06	<=0.50	2.00
ERR068033	R34-3139	R34-3139	11	2004	L	36-84	35B	35B	35B	558	558	2.00	1.00	<=0.25	<=0.06	<=0.50	2.00
ERR067962	R34-3164	R34-3164	11	2004	B	<6	35B	35B	35B	1947	1947	2.00	1.00	<=0.25	<=0.06	<=0.50	2.00
ERR067963	R34-3165	R34-3165	11	2004	B	<6	35B	35B	35B	558	558	2.00	1.00	<=0.25	>0.50	<=0.50	2.00
ERR067970	R34-3172	R34-3172	11	2004	E	6-24	35B	35B	35B	1947	3632	2.00	1.00	<=0.25	>0.50	>4.00	2.00
ERR069703	R34-3204	R34-3204	11	2004	L	36-84	35B	35B	35B	558	558	2.00	1.00	<=0.25	<=0.06	<=0.50	2.00
ERR069726	R34-3227	R34-3227	11	2004	M	<6	35B	35B	35B	558	558	2.00	1.00	<=0.25	<=0.06	<=0.50	2.00
ERR069728	R34-3229	R34-3229	11	2004	M	6-24	35B	35B	35B	558	558	2.00	1.00	<=0.25	<=0.06	<=0.50	2.00
ERR069803	255210	255210	12	2001	D	6-24	NT	NT	NT		449						
ERR069841	403790	403790	12	2001	P	36-84	NT	NT	NT		1054	<0.03	<0.03	0.5/9.	1	0.12	
ERR065965	462746	462746	12	2001	E	36-84	NT	NT	NT	448	448	<0.03	<0.03	0.12/2	>1	0.25	
ERR065974	508907	508907	12	2001	O	24-36	NT	NT	NT	448	448	<0.03	<0.03	0.25/4	<0.03	0.25	
ERR129130	LE4012	68G2D	12	2007	D	<6	NT	NT	NT	62	448	<0.016	0.023	0.125	0.064		
ERR124278	PT8000	WVCE6	12	2007	H	6-24	NT	NT	NT	3278	448	<0.016	<0.016	0.125	0.094		
ERR065341	R34-3015	R34-3015	12	2004	D	6-24	NT	NT	NT	448	448	<=0.03	<=0.25	<=0.25	<=0.06	<=0.50	2.00
ERR065289	R34-3032	R34-3032	12	2004	C	36-84	NT	NT	NT		448	<=0.03	<=0.25	<=0.25	<=0.06	<=0.50	2.00
ERR065296	R34-3039	R34-3039	12	2004	C	36-84	NT	NT	NT	448	448	0.12	<=0.25	<=0.25	<=0.06	<=0.50	2.00
ERR067993	R34-3088	R34-3088	12	2004	H	6-24	NT	NT	NT		344						
ERR069734	15445	015445	13	2001	A	36-84	6A	6B	6A	1876	1876	0.5	0.25	0.25/4	>1	0.25	
ERR069741	42861	042861	13	2001	P	36-84	6A	6B	6A	1911	SLV1911	0.12	0.06	0.25/4	<0.03	0.5	
ERR069759	101058	101058	13	2001	K	36-84	6A	6B	6A	690	690	0.06	0.06	0.12/2	<0.03	0.25	
ERR069784	166637	166637	13	2001	E	6-24	6	6B	6A		473	0.5	0.25	0.25/4	>1	0.5	
ERR069788	181272	181272	13	2001	K	6-24	6A	6B	6A	1876	1876	0.5	0.25	0.25/4	>1	0.5	
ERR069827	359370	359370	13	2001	L	36-84	6A	6B	6A	1926	1876	0.5	0.25	0.25/4	>1	0.25	
ERR065953	420881	420881	13	2001	L	36-84	6A	6B	6A	1940	1940	0.25	0.25	0.25/4	>1	0.25	
ERR129092	CH2090	0TN5H	13	2007	C	36-84	6A	6B	6A	1876	1876	0.38	0.19	0.125	3		
ERR065353	R34-3027	R34-3027	13	2004	M	36-84	6A	6B	6A	473	473	0.12	<=0.25	<=0.25	>0.50	>4.00	2.00
ERR068001	R34-3096	R34-3096	13	2004	H	6-24	6A	6B	6A	1928	1928	0.25	<=0.25	<=0.25	>0.50	<=0.50	2.00
ERR068004	R34-3099	R34-3099	13	2004	H	6-24	6A	6B	6A	1927	1927	0.25	<=0.25	<=0.25	>0.50	<=0.50	2.00
ERR068043	R34-3151	R34-3151	13	2004	B	6-24	6A	6B	6A	1917	1876	0.25	<=0.25	<=0.25	>0.50	<=0.50	2.00
ERR067979	R34-3180	R34-3180	13	2004	H	36-84	6A	6B	6A	690	690	0.12	<=0.25	<=0.25	<=0.06	<=0.50	2.00
ERR069709	R34-3210	R34-3210	13	2004	L	6-24	6A	6B	6A	1876	1876	0.50	<=0.25	<=0.25	>0.50	<=0.50	2.00
ERR069710	R34-3211	R34-3211	13	2004	L	6-24	6A	6B	6A	1876	1876	0.25	<=0.25	<=0.25	>0.50	<=0.50	2.00
ERR068005	R34-3100	R34-3100	13	2004	H	6-24	6B	6B	6B	690	690	0.12	<=0.25	<=0.25	<=0.06	<=0.50	2.00
ERR129027	BR1008	CM917	13	2007	J	36-84	6C	6C	6C	473	473	0.047	0.047	0.125	0.064		
ERR129115	GL3043	FU8OL	13	2007	I	36-84	6C	6C	6C	473	473	0.032	0.047	0.19	0.064		
ERR124223	ND6119	5W908	13	2007	F	6-24	6C	6C	6C	473	473	0.016	0.023	0.125	0.064		
ERR069744	51715	051715	14	2001	P	6-24	6A	6A	6A	376	376	4	1	>4/76	>1	0.25	
ERR069747	65435	065435	14	2001	O	6-24	6A	6A	6A	376	376	4	0.25	>4/76	>1	0.25	
ERR069763	108480	108480	14	2001	L	6-24	6A	6A	6A	376	376	2	0.25	>4/76	>1	0.25	
ERR069787	179743	179743	14	2001	L	6-24	6A	6A	6A	376	376	2	0.5	>4/76	>1	0.25	
ERR069825	342672	342672	14	2001	G	6-24	6A	6A	6A	1922	1922	1	0.25	4/76	<0.03	0.12	
ERR065963	448643	448643	14	2001	P	36-84	6A	6A	6A	376	376	2	0.5	>4/76	>1	0.25	
ERR129128	LE4007	CXQ2T	14	2007	D	<6	6A	6B	6A	1538	1538	3	0.075	0.25	12		
ERR124303	PT8074	AI3GZ	14	2007	H	6-24	6A	6A	6A	376	376	1	0.75	16	3		
ERR124314	PT8105	2RLC4	14	2007	H	6-24	6A	6B	6A	376	376	2	1.5	12	3		
ERR067966	R34-3168	R34-3168	14	2004	K	6-24	6A	6A	6A	376	376	2.00	0.50	>2.00	>0.50	<=0.50	2.00
ERR067969	R34-3171	R34-3171	14	2004	K	24-36	6A	6A	6A	376	376	1.00	0.50	>2.00	>0.50	<=0.50	2.00
ERR069700	R34-3201	R34-3201	14	2004	G	6-24	6A	6A	6A	1921	1921	4.00	2.00	>2.00	>0.50	<=0.50	2.00
ERR129031	BR1022-1	DH8X5-1	15	2007	J	6-24	19A	19A	19A	320	320	3	2	6	>256		
ERR129036	BR1036	06URQ	15	2007	J	6-24	19A	19A	19A	320	320	3	2	3	>256		
ERR129049	BR1080	NFPTS	15	2007	J	<6	19A	19A	19A	320	320	3	1.5	12	>256		
ERR129075	CH2017	1QJAP	15	2007	C	24-36	19A	19A	19A	320	320	6	8	3	4		
ERR129193	ND6010	9SKOT	15	2007	F	6-24	19A	19A	19A	320	320	4	1.5	6	>256		
ERR124222	ND6118	OQTRJ	15	2007	F	6-24	19A	19A	19A	320	320	6	6	6	>256		
ERR124233	ND6137	LABTO	15	2007	F	6-24	19A	19A	19A	320	320	4	1.5	6	>256		
ERR124255	NP7047	CHP0M	15	2007	G	6-24	19A	19A	19A	1451	1451	4	2	4	>256		
ERR069720	R34-3221	R34-3221	15	2004	I	36-84	19A	19A	19A	320	320	>4.00	>2.00	>2.00	>0.50	>4.00	2.00
ERR069762	105542	105542	15	2001	P	36-84	19F	19F	19F	1945	1945	2	1	>4/76	<0.03	0.12	
ERR069791	208866	208866	15	2001	C	6-24	19F	19F	19F	236	236	2	0.5	>4/76	0.25	>8	
ERR069793	209930	209930	15	2001	C	24-36	19F	19F	19F	236	236	2	1	>4/76	>1	>8	
ERR069842	404463	404463	15	2001	C	24-36	19F	19F	19F	236	236	4	1	>4/76	>1	>8	
ERR069843	416185	416185	15	2001	E	6-24	19F	19F	19F	320	320	4	2	>4/76	>1	>8	
ERR065973	503574	503574	15	2001	L	6-24	19F	19F	19F	320	320	>4	2	>4/76	>1	>8	
ERR129062	BR1111	6GU7V	15	2007	J	<6	19F	19F	19F	3292	3292	1	0.5	>32	>256		
ERR129078	CH2033	WMK3T	15	2007	C	36-84	19F	19F	19F	236	236	3	1.5	6	4		
ERR065314	R34-3058	R34-3058	15	2004	G	6-24	19F	19F	19F	236	236	2.00	0.50	>2.00	>0.50	>4.00	2.00
ERR067990	R34-3085	R34-3085	15	2004	M	36-84	19F	19F	19F	271	271	4.00	>2.00	>2.00	>0.50	>4.00	2.00
ERR067999	R34-3094	R34-3094	15	2004	H	6-24	19F	19F	19F	236	236	2.00	1.00	1.00	>0.50	>4.00	2.00
ERR068003	R34-3098	R34-3098	15	2004	H	6-24	19F	19F	19F	1941	1941	1.00	<=0.25	>2.00	>0.50	>4.00	2.00
ERR068035	R34-3141	R34-3141	15	2004	L	24-36	19F	19F	19F	1937	271	4.00	1.00	>2.00	>0.50	>4.00	2.00
ERR068036	R34-3142	R34-3142	15	2004	L	6-24	19F	19F	19F	271	271	4.00	1.00	>2.00	>0.50	>4.00	4.00
ERR069699	R34-3200	R34-3200	15	2004	B	6-24	19F	19F	19F	236	236	2.00	1.00	1.00	>0.50	>4.00	2.00
ERR069706	R34-3207	R34-3207	15	2004	J	6-24	19F	19F	19F	1943	1943	2.00	1.00	0.50	>0.50	>4.00	2.00
ERR069748	65645	065645	16	2001	A	36-84	3	3	3	180	180	<0.03	<0.03	0.25/4	<0.03	0.12	
ERR069750	72511	072511	16	2001	I	36-84	3	3	3		180	<0.03	<0.03	<0.06/	<0.03	0.25	
ERR069832	369820	369820	16	2001	F	24-36	3	3	3	180	180	<0.03	<0.03	0.12/2	0.06	0.5	
ERR129180	MD5090	P213M	16	2007	E	6-24	3	3	3	180	180	0.016	0.016	0.125	0.064		
ERR129212	ND6097	LDD87	16	2007	F	36-84	3	3	3	180	180	0.016	0.023	0.19	0.064		
ERR067983	R34-3078	R34-3078	16	2004	D	6-24	3	3	3	180	180	<=0.03	<=0.25	<=0.25	<=0.06	<=0.50	<=1.00
ERR067989	R34-3084	R34-3084	16	2004	M	24-36	3	3	3	180	180	<=0.03	<=0.25	<=0.25	<=0.06	<=0.50	<=1.00
ERR068006	R34-3101	R34-3101	16	2004	I	6-24	3	3	3	180	180	<=0.03	<=0.25	<=0.25	<=0.06	<=0.50	<=1.00
ERR069689	R34-3190	R34-3190	16	2004	F	36-84	3	3	3	180	180	<=0.03	<=0.25	<=0.25	<=0.06	<=0.50	2.00
ERR069701	R34-3202	R34-3202	16	2004	L	6-24	3	3	3	180	180	<=0.03	<=0.25	<=0.25	<=0.06	<=0.50	<=1.00
ERR069716	R34-3217	R34-3217	16	2004	G	24-36	3	3	3	180	180	<=0.03	<=0.25	<=0.25	<=0.06	<=0.50	<=1.00
ERR069772	142534	142534	16	2001	E	36-84	14	14	14	124	124	<0.03	<0.03	0.25/4	<0.03	0.25	
ERR069806	268660	268660	16	2001	E	36-84	14	14	14	124	124	<0.03	<0.03	0.25/4	0.06	0.25	
ERR069816	306435	306435	16	2001	L	36-84	14	14	14	124	124	<0.03	<0.03	0.25/4	<0.03	0.12	
ERR069824	341365	341365	16	2001	D	<6	14	14	14	124	124	<0.03	<0.03	0.25/4	<0.03	0.25	
ERR065956	430772	430772	16	2001	P	36-84	14	14	14	124	124	<0.03	<0.03	0.25/4	<0.03	0.25	
ERR069729	R34-3230	R34-3230	16	2004	I	6-24	14	14	14	124	124	0.06	<=0.25	<=0.25	<=0.06	<=0.50	2.00
ERR069730	R34-3231	R34-3231	16	2004	I	24-36	14	14	14	124	124	0.06	<=0.25	<=0.25	<=0.06	<=0.50	2.00
ERR129110	GL3031	VODW3	16	2007	I	6-24	21	21	21	432	432	0.023	0.023	0.064	0.047		
ERR129057	BR1101	E0ZKK	16	2007	J	36-84	31	31	31	568	568	0.023	0.023	0.75	0.064		
ERR129135	LE4030	N8YA4	16	2007	D	24-36	31	31	31	568	568	0.032	0.023	0.125	0.094		
ERR124311	PT8093	YSOFP	16	2007	H	6-24	31	31	31	568	568	0.023	0.023	0.19	0.047		
ERR065290	R34-3033	R34-3033	16	2004	J	6-24	31	31	31	568	568	<=0.03	<=0.25	<=0.25	<=0.06	<=0.50	2.00
ERR065959	438180	438180	16	2001	G	24-36	34	34	34	547	547	<0.03	<0.03	0.12/2	<0.03	0.25	
ERR129038	BR1041	NA03L	16	2007	J	36-84	34	34	34	547	547	0.023	0.023	0.19	0.064		
ERR129066	BR1115	DR1PD	16	2007	J	36-84	34	34	34	547	547	0.016	0.016	0.094	0.064		
ERR065304	R34-3048	R34-3048	16	2004	O	6-24	34	34	34	1931	547	<=0.03	<=0.25	<=0.25	<=0.06	<=0.50	2.00
ERR068016	R34-3115	R34-3115	16	2004	L	24-36	34	34	34	547	547	<=0.03	<=0.25	<=0.25	<=0.06	<=0.50	2.00
ERR067975	R34-3176	R34-3176	16	2004	M	24-36	34	34	34	1902	1902	<=0.03	<=0.25	<=0.25	<=0.06	<=0.50	2.00
ERR069815	304793	304793	16	2001	J	36-84	Pool D	37	37	447	447	<0.03	<0.03	0.12/2	<0.03	0.25	
ERR129151	LE4099	F5UY4	16	2007	D	6-24	37	37	37	447	447	0.023	0.016	0.094	0.032		
ERR069775	147587	147587	16	2001	F	6-24	38	38	38	393	393	0.06	<0.03	0.25/4	<0.03	0.25	
ERR129040	BR1048	HU4AA	16	2007	J	6-24	38	38	38	393	393	0.016	<.016	0.094	0.016		
ERR129056	BR1098	8PNF1	16	2007	J	36-84	38	38	38	393	393	0.016	0.023	0.19	0.064		
ERR129124	GL3078	J29X8	16	2007	I	6-24	Pool I	38	38	393	393	0.016	0.016	0.125	0.064		
ERR129188	ND6005	K8121	16	2007	F	36-84	38	38	38	393	393	0.023	0.032	0.19	0.094		
ERR065302	R34-3046	R34-3046	16	2004	F	6-24	38	38	38	393	393	<=0.03	<=0.25	<=0.25	<=0.06	<=0.50	<=1.00
ERR065321	R34-3065	R34-3065	16	2004	G	24-36	Pool I	38	38	393	393	0.25	<=0.25	<=0.25	<=0.06	<=0.50	2.00
ERR068039	R34-3146	R34-3146	16	2004	C	6-24	Pool I	38	38	1390	393	<=0.03	<=0.25	<=0.25	<=0.06	<=0.50	2.00
ERR069808	277394	277394	16	2001	D	24-36	11A	11D	11A	1934	SLV1934	0.06	<0.03	0.25/4	<0.03	>8	
ERR069820	333793	333793	16	2001	E	6-24	15A	15A	15A	817	817	<0.03	<0.03	0.12/2	<0.03	0.25	
ERR124244	NP7004	18FDW	16	2007	G	24-36	15B/C	15C	15B/C	346	346	0.38	0.25	0.125	0.064		
ERR129041	BR1050	X703J	16	2007	J	6-24	16F	16F	16F	995	995	0.016	0.016	0.125	0.047		
ERR129181	MD5096	2W7ME	16	2007	E	6-24	16F	16F	16F	570	570	0.016	0.023	0.064	0.064		
ERR129184	MD5106	SHTPB	16	2007	E	36-84	16F	16F	16F	659	659	0.023	0.023	0.094	0.094		
ERR124247	NP7012	M66VO	16	2007	G	36-84	16F	16F	16F	1840	1840	0.032	0.047	0.19	0.094		
ERR124271	NP7103	2Y1CQ	16	2007	G	24-36	16F	16F	16F	659	659	<.016	<.016	0.125	0.064		
ERR124289	PT8029	RD7KX	16	2007	H	36-84	16F	16F	16F	659	659	0.023	0.023	0.064	0.064		
ERR124309	PT8090	BA5TC	16	2007	H	36-84	16F	16F	16F	659	659	0.016	0.016	0.125	0.032		
ERR065318	R34-3062	R34-3062	16	2004	P	36-84	16F	16F	16F	659	659	0.06	<=0.25	<=0.25	<=0.06	<=0.50	<=1.00
ERR124218	ND6111	GWTK7	16	2007	F	24-36	17F	17F	17F	392	392	0.023	0.023	0.19	0.125		
ERR124252	NP7026	9LUM5	16	2007	G	36-84	17F	17F	17F	2355	2355	0.125	0.125	0.5	0.094		
ERR124258	NP7057	3XUC4	16	2007	G	6-24	17F	17F	17F	392	392	0.023	0.023	0.125	0.064		
ERR124306	PT8082	E3GXY	16	2007	H	24-36	17F	17F	17F	392	392	<.016	0.016	0.125	0.047		
ERR065312	R34-3056	R34-3056	16	2004	G	<6	17F	17F	17F	1924	1924	<=0.03	<=0.25	<=0.25	<=0.06	<=0.50	<=1.00
ERR069739	40241	040241	16	2001	A	6-24	18C	18C	18C	1923	1923	<0.03	<0.03	0.5/9.	<0.03	0.25	
ERR069814	303656	303656	16	2001	J	24-36	18C	18C	18C	1948	496	<0.03	<0.03	0.25/4	<0.03	0.12	
ERR065315	R34-3059	R34-3059	16	2004	G	36-84	18	18C	18C	1073	1073	<=0.03	<=0.25	<=0.25	<=0.06	<=0.50	<=1.00
ERR068007	R34-3102	R34-3102	16	2004	H	36-84	18C	18C	18C	496	496	0.12	<=0.25	>2.00	>0.50	<=0.50	2.00
ERR069695	R34-3196	R34-3196	16	2004	C	6-24	18C	18C	18C	113	113	<=0.03	<=0.25	0.50	<=0.06	<=0.50	<=1.00
ERR129028	BR1012	26IET	16	2007	J	36-84	19A	19A	19A	695	SLV695	0.094	0.094	0.19	0.094		
ERR129030	BR1019	FRIZ4	16	2007	J	6-24	19A	19A	19A	36	SLV695	0.094	0.094	0.19	0.064		
ERR129083	CH2067	X71H5	16	2007	C	6-24	19A	19A	19A	695	SLV695	0.064	0.094	0.125	0.064		
ERR129084	CH2069	7NA98	16	2007	C	36-84	19A	19A	19A	415	415	0.016	0.023	0.094	0.047		
ERR129103	GL3015	Y6BSG	16	2007	I	36-84	19A	19A	19A	695	SLV695	0.094	0.125	0.25	0.094		
ERR129136	LE4038	3UTO8	16	2007	D	24-36	19A	19A	19A	695	SLV695	0.094	0.094	0.125	0.094		
ERR129138	LE4047	6U8ZJ	16	2007	D	6-24	19A	19A	19A	180	SLV695	0.032	0.023	0.19	0.094		
ERR129202	ND6042	3GWV1	16	2007	F	6-24	19A	19A	19A	695	SLV695	0.094	0.064	0.38	0.094		
ERR129216	ND6109	MFII0	16	2007	F	36-84	19A	19A	19A	695	SLV695	0.094	0.064	0.25	0.094		
ERR065294	R34-3037	R34-3037	16	2004	J	6-24	19A	19A	19A	1944	1944	2.00	2.00	0.50	>0.50	<=0.50	2.00
ERR067982	R34-3183	R34-3183	16	2004	B	24-36	19A	19A	19A	276	276	2.00	0.50	1.00	>0.50	>4.00	2.00
ERR069737	27999	027999	16	2001	E	36-84	19F	19F	19F	1340	1340	0.06	<0.03	0.12/2	<0.03	0.12	
ERR069792	209464	209464	16	2001	P	36-84	19F	19F	19F	425	425	<0.03	<0.03	0.25/4	<0.03	0.25	
ERR069810	284968	284968	16	2001	N	24-36	19F	19F	19F	425	425	0.06	<0.03	0.25/4	<0.03	0.25	
ERR065960	439699	439699	16	2001	O	6-24	19F	19F	19F	654	654	<0.03	<0.03	0.25/4	<0.03	0.25	
ERR129045	BR1065	DALR8	16	2007	J	36-84	19F	19F	19F	426	426	0.032	0.19	0.125	0.047		
ERR129050	BR1081	SQADW	16	2007	J	6-24	19F	19F	19F	654	654	0.023	0.023	0.19	0.094		
ERR129094	CH2105	QIKYS	16	2007	C	24-36	19F	19F	19F	43	43	0.016	0.023	0.19	0.064		
ERR129095	CH2106	Q0413	16	2007	C	36-84	19F	19F	19F	43	43	0.19	0.19	12	>256		
ERR129206	ND6052	TJRUQ	16	2007	F	6-24	19F	19F	19F	43	43	0.023	0.016	0.19	0.064		
ERR065354	R34-3028	R34-3028	16	2004	I	36-84	19F	19F	19F	425	425	<=0.03	<=0.25	<=0.25	<=0.06	<=0.50	2.00
ERR065299	R34-3043	R34-3043	16	2004	F	36-84	19F	19F	19F	654	654	<=0.03	<=0.25	<=0.25	<=0.06	<=0.50	2.00
ERR065325	R34-3070	R34-3070	16	2004	F	36-84	19F	19F	19F	654	654	2.00	<=0.25	<=0.25	<=0.06	<=0.50	2.00
ERR068014	R34-3113	R34-3113	16	2004	L	24-36	19F	19F	19F	43	43	<=0.03	<=0.25	<=0.25	<=0.06	<=0.50	2.00
ERR068031	R34-3137	R34-3137	16	2004	P	6-24	19F	19F	19F	425	425	>4.00	<=0.25	<=0.25	<=0.06	<=0.50	<=1.00
ERR069692	R34-3193	R34-3193	16	2004	C	24-36	19F	19F	19F	1903	1903	<=0.03	<=0.25	<=0.25	<=0.06	<=0.50	2.00
ERR069697	R34-3198	R34-3198	16	2004	P	36-84	19F	19F	19F	425	425	<=0.03	<=0.25	<=0.25	<=0.06	<=0.50	2.00
ERR069723	R34-3224	R34-3224	16	2004	P	24-36	19F	19F	19F	425	425	0.06	<=0.25	<=0.25	<=0.06	<=0.50	2.00
ERR069742	44744	044744	16	2001	H	6-24	23	23F	23F		242	2	0.25	0.12/2	>1	>8	
ERR069785	173015	173015	16	2001	K	6-24	23F	23F	23F	81	81	4	2	4/76	1	>8	
ERR069797	218229	218229	16	2001	K	6-24	23F	23F	23F	81	81	>4	2	>4/76	>1	>8	
ERR069821	334847	334847	16	2001	P	6-24	23F	23F	23F	81	81	>4	>2	>4/76	>1	>8	
ERR069773	144370	144370	16	2001	F	36-84	25A	38	38	393	393	<0.03	<0.03	0.25/4	<0.03	0.25	
ERR129185	MD5107	OZJ9F	16	2007	E	36-84	33A	33F	33F	2705	2705	0.023	0.023	1	2		
ERR069789	187406	187406	16	2001	O	36-84	33	33F	33F	100	100	<0.03	<0.03	0.12/2	<0.03	0.25	
ERR124257	NP7053	ZPN7P	16	2007	G	<6	33F	33F	33F	2705	2705	0.023	0.023	1.5	4		
ERR068021	R34-3121	R34-3121	16	2004	G	36-84	33F	33F	33F	100	100	<=0.03	<=0.25	<=0.25	<=0.06	<=0.50	2.00
ERR067972	R34-3173	R34-3173	16	2004	E	24-36	33F	33F	33F	100	100	<=0.03	<=0.25	1.00	<=0.06	<=0.50	2.00
ERR065349	R34-3023	R34-3023	16	2004	I	36-84	35B	35B	35B	452	452	<=0.03	<=0.25	<=0.25	<=0.06	<=0.50	2.00
ERR068022	R34-3122	R34-3122	16	2004	G	6-24	35B	35B	35B	452	452	<=0.03	<=0.25	<=0.25	<=0.06	<=0.50	2.00
ERR069722	R34-3223	R34-3223	16	2004	I	36-84	35B	35B	35B	452	452	<=0.03	<=0.25	<=0.25	<=0.06	<=0.50	2.00
ERR069764	110093	110093	16	2001	K	6-24	6A	6B	6A	1939	1939	<0.03	<0.03	0.25/4	<0.03	0.25	
ERR065352	R34-3026	R34-3026	16	2004	I	24-36	6A	6A	6A	242	242	1.00	1.00	0.50	>0.50	>4.00	2.00
ERR069735	18044	018044	16	2001	F	<6	6B	6C	6B	1518	1518	4	1	2/38	>1	0.5	
ERR069782	160986	160986	16	2001	F	6-24	6B	6A	6B	1536	1536	2	>2	>4/76	0.06	1	
ERR069813	302649	302649	16	2001	J	36-84	6B	6A	6B	146	146	<0.03	<0.03	2/38	>1	0.5	
ERR069819	323485	323485	16	2001	P	36-84	6B	NT	6B	146	146	<0.03	<0.03	0.25/4	<0.03	0.5	
ERR069838	388483	388483	16	2001	H	36-84	6B	NT	6B	146	146	0.25	0.5	>4/76	>1	0.25	
ERR069840	397079	397079	16	2001	J	36-84	6B	6A	6B	315	315	0.25	0.06	0.5/9.	>1	>8	
ERR065957	436154	436154	16	2001	P	6-24	6B	6A	6B	1954	1954	1	0.5	0.25/4	<0.03	0.12	
ERR065295	R34-3038	R34-3038	16	2004	J	6-24	6B	6A	6B	1930	1930	<=0.03	<=0.25	>2.00	<=0.06	<=0.50	2.00
ERR129044	BR1064	EKR1O	16	2007	J	24-36	6C	6C	6C	1692	1692	0.023	0.023	0.19	0.064		
ERR129071	CH2006	WG60C	16	2007	C	<6	NT	NT	NT	547	3288	0.023	0.023	0.25	0.094		
ERR129194	ND6012	P0N8K	16	2007	F	6-24	6C	6C	6C	1692	1692	0.023	0.023	0.19	0.094		
ERR124230	ND6133	6JT2I	16	2007	F	6-24	6C	6C	6C	547	547	0.023	0.023	0.125	0.094		
ERR067991	R34-3086	R34-3086	16	2004	M	6-24	6C	6C	6C	547	547	<=0.03	<=0.25	<=0.25	<=0.06	<=0.50	2.00
ERR129047	BR1074	2VBTK	16	2007	J	24-36	7C	7C	7C	3284	3284	0.023	0.023	0.19	0.032		
ERR129187	ND6000	W9G4K	16	2007	F	24-36	7C	7C	7C	3283	1797	<0.016	0.023	0.19	0.094		
ERR129064	BR1113	U3EO1	16	2007	J	36-84	7F	7A	7F	1176	1176	0.023	0.032	0.19	0.047		
ERR069769	132571	132571	16	2001	N	6-24	9N	9N	9N	405	405	<0.03	<0.03	0.25/4	<0.03	0.25	
ERR065958	436915	436915	16	2001	N	36-84	9N	9N	9N	66	66	<0.03	<0.03	0.12/2	<0.03	0.25	
ERR129162	MD5007	GJ6MQ	16	2007	E	24-36	9N	9N	9N	1797	66	0.023	0.023	0.19	0.064		
ERR124226	ND6123	14YE5	16	2007	F	6-24	9N	9N	9N	405	405	0.023	0.032	0.19	0.094		
ERR129102	GL3012	34YLE	16	2007	I	36-84	NT	NT	NT	3288	3288	0.047	0.064	0.75	1.5		
ERR068009	R34-3108	R34-3108	16	2004	G	6-24	NT	NT	NT	1905	2011	2.00	1.00	<=0.25	<=0.06	<=0.50	2.00